날짜,상품,분류,매출
20260420,만다린 귤 1kg,과채,4864560
20260420,게리 크래커 - 치즈맛(100g),간식/과자/떡,371430
20260420,게리 크래커 - 코코넛맛(105g),간식/과자/떡,168300
20260420,글루타치온 뷰티라이프 1곽(30포),건강식품,495300
20260420,브레인 포스파티딜세린 300 (15포),건강식품,456300
20260420,국내산 순살족발 1팩(300g),간편식품,762370
20260420,국내산 알타리 김치 1kg,과채,663900
20260421,국내산 백오이 1봉 (4개입),과채,607460
20260421,골드실 리프팅 마스크 1개 (100ml),뷰티,519500
20260421,진저유자 콤부차 1병(250ml),음료,130000
20260421,진저유자 콤부차 20병(1박스),음료,568000
20260422,국내산 땡초 마늘 갈매기살(300g),간편식품,445500
20260422,메밀소바 1세트 (면+육수),간편식품,437800
20260422,십이지신 썸머패치 1개 (48매입),생활용품,269460
20260422,국내산 인큐 애호박 1개,과채,131670
20260422,모기기피제 ''물지마''(60ml),생활용품,188500
20260422,벌레 물린데/쏘인데 '긁지마'(60ml),생활용품,214600
20260423,레이코 계란찜기 1개,주방용품,316000
20260423,벌집 양념 돼지껍데기 1팩(500g),간편식품,200600
20260423,염장 다시마 1개 (250g 내외),수산/정육,52470
20260423,육수한알 ''멸치'' (3g*40정),간편식품,227620
20260423,육수한알 ''홍게해물'' (3g*40정),간편식품,245590
20260423,육수한알 ''사골'' (3g*40정),간편식품,95840
20260424,염장 미역줄기 1팩 (250g 내외),수산/정육,103950
20260424,해바라기씨 튀김 (50g*4봉),간식/과자/떡,349000
20260424,교동 순살감자탕 1팩 (500g),간편식품,496070
20260424,문은희 진명란 1개 (400g),수산/정육,489500
20260425,"순수하고 진한 콩물 ""백태"" (1리터)",간편식품,269100
20260425,아보카도 1세트 (5개입),과채,217800
20260425,한라산 벌꿀스틱 선물세트(10포*2곽),건강식품,11500
20260425,국내산 고추장 뒷고기 1팩 (300g),간편식품,127330
20260425,찹쌀 누룽지팝 달콤한맛 1박스(12개입),간식/과자/떡,183540
20260425,기력보환 발효침향환 1세트(60환),건강식품,418600
20260426,바이탈플랜트 롤팬 - 라벤더,주방용품,658000
20260426,바이탈플랜트 롤팬 - 핑크,주방용품,0
20260426,바이탈플랜트 롤팬 - 퍼플,주방용품,188000
20260426,흑마늘 훈제오리 1팩(400g),간편식품,247170
20260426,티라미수 롤케이크(240g),간식/과자/떡,118800
20260426,올리브오일 식물성 캡슐 1통(30캡슐),건강식품,426300
20260426,비피더스 유산균 1곽 (30캡슐),건강식품,248400
20260426,막대 파인애플 (500g 내외),과채,136290
20260427,산양유 초유프로틴 (280g),건강식품,241800
20260427,교동관 왕갈비탕 1팩 (1kg),간편식품,2328400
20260427,해피홈 에어로솔 수성(500ml*3개),생활용품,309580
20260427,망고향 스테비아 방울토마토 500g,과채,9441970
20260428,제스프리 골드키위 (4알/소과),과채,385430
20260428,부처스나인 직화스테이크 1개(160g),간편식품,965200
20260428,빕스 오리지널 바베큐 폭립 (450g),간편식품,1075240
20260428,PDRN 콜라겐 젤리 미스트 100ml,뷰티,865400
20260428,시린메드 에프치약 1개(125g),생활용품,174500
20260428,시린메드 에프치약 1세트(125g*6개),생활용품,430920
20260429,대구 꿀 찹쌀떡 1세트 (240g*2팩),간식/과자/떡,491080
20260429,아삭한 콩나물 1팩 (300g),과채,88110
20260429,미스타셰프 부대찌개 1팩 (600g),간편식품,1122000
20260429,귀빈정 열무물김치 (1kg),과채,542200
20260429,귀빈정 열무김치 (1kg),과채,6900
20260429,콘드로이친 상어연골 프리미엄 1곽,건강식품,748500
20260430,저당 프로틴 '초코'(90ml*10개),건강식품,206700
20260430,저당 프로틴 '멜론'(90ml*10개),건강식품,142400
20260430,키즈 요플레 '딸기 '1곽(40g*6개),간식/과자/떡,208980
20260430,키즈 요플레 '포도' 1곽(40g*6개),간식/과자/떡,147260
20260430,알파시클로덱스트린 1곽 (3g*14포),건강식품,227400
20260430,국내산 왕바지락 1팩(1kg/60미내외),수산/정육,1298500
20260501,한끼통살 닭가슴살 100g - 핫양념치킨,간편식품,124500
20260501,한끼통살 닭가슴살 100g - 데리야끼,간편식품,94620
20260501,서강유업 크림치즈 (120g),간편식품,203320
20260501,킹 사이즈 냉감패드 (190*200cm),생활용품,383900
20260501,퀸 사이즈 냉감패드 (150*200cm),생활용품,717600
20260501,슈퍼싱글 냉감패드 (110*200cm),생활용품,921300
20260501,냉감 홑이불 (180*220cm),생활용품,149000
20260502,덕앤맘 1등급 오리로스 1팩(150g),간편식품,1482550
20260502,리프레쉬 클레이팩 1개 (100ml),뷰티,303800
20260502,감자전 반죽 1팩 (160g),간편식품,283290
20260502,국내산 새송이버섯 1봉 (400g 내외),과채,73670
20260502,전라도식 진국 깍두기 1kg,과채,268710
20260502,크라운산도 딸기&크림 1세트,간식/과자/떡,331890
20260503,삼원가든 소선지 해장국 400g,간편식품,484790
20260503,간장 멸치볶음 150g,간편식품,484790
20260503,고추장 멸치볶음 150g,간편식품,68770
20260503,리얼 유기농 푸룬 1곽(15g*14포),건강식품,203500
20260503,국산 한돈 갈비살 떡갈비 400g,간편식품,331340
20260504,한방 삼겹수육 1팩 (300g),간편식품,688250
20260504,귀빈정 갈치쌈젓 1개 (400g),수산/정육,126400
20260504,이고장 전복미역국 1팩 (160g),간편식품,94810
20260504,국내산 혼합상추 1봉 (200g 내외),과채,45630
20260504,트러플 버섯 크림 리조또 1팩(250g),간편식품,157610
20260504,쉬림프 토마토 리조또 1팩(250g),간편식품,112160
20260505,국내산 청경채 1봉 (150g 내외),과채,43560
20260505,국내산 팽이버섯 2봉,과채,27870
20260505,국내산 검정새조개 (200g 내외),수산/정육,226100
20260505,맛있는 한우 소대창 (200g),간편식품,389400
20260505,"목견인기 ""오시원하넥""",생활용품,89100
20260505,초벌된 맛있는 소곱창 (160g),간편식품,448500
20260505,초벌된 맛있는 소막창 (200g),간편식품,265500
20260506,교동''짬뽕'' 1팩(1280g),간편식품,356000
20260506,교동''짜장면'' 1팩(840g),간편식품,260700
20260506,교동''탕수육'' 1팩(450g),간편식품,517500
20260506,식기건조대 롤매트,생활용품,135660
20260506,철벽방어 밀짚모자 '진베이지',생활용품,132300
20260506,철벽방어 밀짚모자 '연베이지',생활용품,9800
20260506,"린도볼 하트틴 초콜릿(100g, 8개입)",간식/과자/떡,282900
20260506,생생연어칩 로스티드 어니언맛 30g*5봉,간식/과자/떡,195800
20260507,"바지락 칼국수 1세트(2인분, 870g)",간편식품,188800
20260507,순천 맛조개 (400g 내외),수산/정육,250700
20260507,"국내산 청양고추 (약, 300g)",과채,20000
20260507,NFC 100% 유기농 레몬즙 스틱 1곽,건강식품,254150
20260507,팜올리브 주방세제 1세트 (향균+자몽),주방용품,79200
20260508,국내산 반건조 참돔 1팩 (400g),수산/정육,341700
20260508,두바이 쫀득 모찌 1세트 (55g*5알),간식/과자/떡,1621970
20260508,제주썬 한라봉 감귤주스 320ml,음료,885560
20260508,"[핑크] 스테인리스 텀블러 1,200ml",생활용품,178200
20260508,"[옐로우] 스테인리스 텀블러 1,200ml",생활용품,69300
20260508,더편한 돋보기 피지흡입기,뷰티,276500
20260508,에스피스킨 PDRN 글로우 멀티밤 9.5g,뷰티,730170
20260509,하우촌 반계탕 2팩*570g,간편식품,480600
20260509,여수 돌산 석박지 1kg,과채,199750
20260509,템포러리 마스크팩 2종 세트(총 20장),뷰티,324500
20260509,메리쏘드 릴롱래쉬 1개 (7ml),뷰티,347100
20260509,블링츄 립오일,뷰티,281300
20260509,나랑드 사이다 제로 6캔*345ml,음료,173420
20260510,하루약콩 두유 1박스(24팩),음료,890100
20260510,골든치킨핑거 1팩 (600g),간편식품,615770
20260510,탑백 2W 신발탈취제 (150ml),생활용품,212400
20260510,다용도 쿠킹 그물망,주방용품,54600
20260510,템포러리 퍼퓸비누 2종*1세트(총10개),생활용품,237600
20260511,전라도식 묵은지 1kg,과채,369500
20260511,한돈 미박 뒷다리 1팩 (500g),간편식품,2408370
20260511,자석덧신 ''S사이즈'' 1세트(3켤레),생활용품,321200
20260511,자석덧신 ''L사이즈'' 1세트(3켤레),생활용품,219900
20260512,무지개망고 1세트 (2개 / 중·대과),과채,910500
20260512,크라비아 맛살 1세트 (180g*2개),간편식품,514720
20260512,임페리얼 넛츠 리저브 1세트,건강식품,597000
20260512,소고기 우거지탕 1팩 (600g),간편식품,1627910
20260512,베르베린 NX 1곽 (600mg*60정),건강식품,808200
20260512,약드부어스트' 샤퀴테리 (100g),간편식품,149700
20260512,잠봉' 샤퀴테리 (100g),간편식품,179640
20260513,교동 차돌된장찌개 1팩 (450g),간편식품,1064020
20260513,리만월 해풍쑥개떡 1세트,간식/과자/떡,1113500
20260513,드라마스틱 아르기닌 6300 1곽,건강식품,672890
20260513,크림밀크 데오드란트 스프레이 1개,생활용품,277300
20260513,키즈 아토 버블 핸드워시 1세트 (2개),생활용품,214400
20260514,삶은 못난이 옥수수 1봉,과채,1004000
20260514,손질뽈락 1봉,수산/정육,340000
20260514,원더풀피스타치오 가염 150g 1봉,간식/과자/떡,706300
20260514,원더풀피스타치오 무염 150g 1봉,간식/과자/떡,676700
20260515,녹는실 앰플 1병 (100ml),뷰티,1093600
20260515,은행과 대추칩 1봉(150g),간식/과자/떡,548100
20260515,오션쉐프 국가대표 감바스 1팩(280g),간편식품,525350
20260515,듀얼소닉 이펙트 화이트바디 1세트,뷰티,1496000
20260515,[본품] 메리쏘드 '아이보리' 스파츌라 쿠션,뷰티,86600
20260515,[본품] 메리쏘드 '베이지' 스파츌라 쿠션,뷰티,181000
20260515,[본품] 메리쏘드 '샌드' 스파츌라 쿠션,뷰티,55100
20260515,[리필] 메리쏘드 '아이보리' 스파츌라 쿠션,뷰티,45000
20260515,[리필] 메리쏘드 '베이지' 스파츌라 쿠션,뷰티,117000
20260515,[리필] 메리쏘드 '샌드' 스파츌라 쿠션,뷰티,47000
20260515,[깜짝공구] 김치제육덮밥(290g),간편식품,159620
20260515,[깜짝공구] 모짜치즈&불닭(290g),간편식품,247380
20260516,이녹스프랑 노윙스 선풍기 (화이트),생활용품,349500
20260516,코다리 시래기 무조림 1팩 (350g),간편식품,316500
20260516,슈퍼싱글 냉감패드 (110*200cm),생활용품,846600
20260516,퀸 냉감패드 (150*200cm),생활용품,867100
20260516,킹 냉감패드 (190*200cm),생활용품,418800
20260516,홍게간장 1병(500ml),양념/오일/소스,1975000
20260516,참치액 1병(500ml),양념/오일/소스,1310000
20260516,쿨펭귄 냉감 이불,생활용품,897500
20260516,이지쿨 냉감 홑이불,생활용품,268200
20260516,냉감 소파패드 1장 (차콜그레이),생활용품,874500
20260517,청룡 수라 찜닭 (200g),간편식품,1037550
20260517,굴소스간장 (500ml),양념/오일/소스,388500
20260517,맛술 (500ml),양념/오일/소스,388500
20260517,모짜렐라 보코치니 (100g),간편식품,399330
20260517,과일도시락통 런치팟 (600ml),생활용품,220800
20260517,유러피안 샐러드 (5~6종/1kg 내외),과채,236600
20260517,퍼퓸 헤어미스트 100ml,뷰티,297800
20260518,깨끗한나라 더순수 (30롤),생활용품,2722500
20260518,[색상랜덤] 프로즌 폴드 핸드선풍기,생활용품,1490000
20260518,후라이드 오징어 1봉 (200g),간식/과자/떡,287100
20260519,구동명 근육 관절 패치 1곽(30피스),생활용품,292300
20260519,손질 절단 꽃게 1팩(500g/4~5미),수산/정육,376200
20260519,일타쉐프 4종 레시피 소스 선물세트,양념/오일/소스,95400
20260519,로얄카타 저압냄비 3종세트,주방용품,878400
20260520,쭈꾸미 볶음 1팩 (300g),간편식품,745200
20260520,메디앤서 트리플 샷 콜라겐 마스크 1곽,뷰티,429300
20260520,스테이블 무선 써큘레이터 1개,생활용품,159800
20260520,한우 ''견과'' 육포 1봉 (30g),간식/과자/떡,774900
20260520,한우 육포 1봉 (30g),간식/과자/떡,2109240
20260521,로투스 비스코프 비스켓 (93g*3팩),간식/과자/떡,472420
20260521,하림 직화 갈비맛 핫바 1개 (65g),간식/과자/떡,527670
20260521,명장 김치찌개&찜 1팩 (250g),간편식품,1145170
20260521,국내산 한돈 막고기 1팩 (300g),수산/정육,1436400
20260521,망고향 블랙 스윗마토 1팩 (500g),과채,3435390
20260521,[깜짝공구] 손질 통낙지 1팩(280g),수산/정육,1127000
20260522,도루코 애쉬블루 IH 프라이팬(24cm),주방용품,304200
20260522,도루코 애쉬블루 IH 프라이팬(20cm),주방용품,95400
20260522,비오셀라 히알루로닉 스킨 케어 1세트,뷰티,896400
20260522,인천시장 어묵쫄우동 2인분(315g*2),간편식품,472140
20260523,미스타셰프 버섯뚝배기불고기 1팩,간편식품,1232910
20260523,꼬소명가 '참기름' 1병 (350ml),양념/오일/소스,458200
20260523,꼬소명가 '들기름' 1병 (350ml),양념/오일/소스,355500
20260523,고추장 보리장 1팩 (300g),양념/오일/소스,296400
20260523,명가꽈배기 참깨맛 1팩 (500g),간식/과자/떡,194700
20260523,명가꽈배기 흑당맛 1팩 (500g),간식/과자/떡,141600
20260523,아이스 망고바 1봉(50g*10개),간식/과자/떡,1144600
20260523,폴메디슨 포어 케어 크림 1세트,뷰티,188100
20260524,유황먹여 키운 복 삼계탕 1팩(1kg),간편식품,395000
20260524,아이싱 쿨링타올 1팩 (40g*5개입),생활용품,141600
20260524,고기 왕만두 1봉 (750g),간편식품,331800
20260524,김치 왕만두 1봉 (750g),간편식품,244900
20260524,캡슐 세탁조 클리너 (10개입),생활용품,210700
20260524,퍼퓸앰플 건조기시트 80매,생활용품,224200
20260524,비트 실내건조 액체세제 2.8L,생활용품,220660
20260525,깐새우장 1통(400g/10미),간편식품,316000
20260525,양파듬뿍 삼일카레 1팩(210g),간편식품,480340
20260525,소프트 슬라이드 치간칫솔 1팩(56개입),생활용품,121500
20260525,명가 땅콩샌드 1팩 (400g),간식/과자/떡,395890
20260525,더마콜라겐 시그니처 1통 (84정),건강식품,1313400
20260526,교동 황태어글탕 1팩 (600g),간편식품,418900
20260526,문은희 창난젓 1개 (400g),간편식품,323900
20260526,옥자씨 곤약쫀드기 1봉(25g*15개입),간식/과자/떡,524300
20260526,알쿠 고체 탈취제 1개 (350g),생활용품,892500
20260526,국내산 아삭이 고추 1봉 (약 150g),과채,343000
20260527,국내산 양념편육 1팩 (300g),간편식품,524400
20260527,오장동 '물'냉면 1인분,간편식품,1175610
20260527,오장동 '비빔'냉면 1인분,간편식품,974460
20260527,귀빈정 열무김치 (1kg),과채,513500
20260527,십이지신 썸머패치 1개 (48매입),생활용품,344310
20260527,부처스나인 직화스테이크 1개(160g),간편식품,608650
20260527,에코프랜 스텐도마 'ㄱ'자형 1개(중형),주방용품,279200
20260528,마법 수세미 1세트 (10개입),주방용품,480600
20260528,삼진어묵 어묵탕용 종합모듬 1봉(2kg),간편식품,316800
20260528,교동관 왕갈비탕 1팩 (1kg),간편식품,1290500
20260528,참크래커 알프스 1곽(295g/15개입),간식/과자/떡,404550
20260528,'김' 큐브치즈 1팩(36g/8개입),간식/과자/떡,43890
20260528,'김치' 큐브치즈 1팩(36g/8개입),간식/과자/떡,35910
20260528,'와사비' 큐브치즈 1팩(36g/8개입),간식/과자/떡,55860
20260528,탁상용 서큘레이터 1개 (색상랜덤),생활용품,1059300
20260529,국가대표 명태회무침 1개 (400g),수산/정육,608300
20260529,루솔 진한 배도라지즙 1박스,음료,397500
20260529,뉴라덤 코어타임 앰플 1세트(2개),뷰티,199000
20260529,코오롱제약 프레쉬 구강유산균 (30정),건강식품,719800
20260529,눈건강엔 루테인 (30캡슐),건강식품,1228500
20260530,우리쌀 어포튀각 오리지널 1봉 (15g),간식/과자/떡,340560
20260530,메밀소바 1세트 (면+육수),간편식품,579090
20260530,매콤 오리주물럭 1팩 (500g),간편식품,929670
20260530,[235] 테디 아일랜드 EVA 슬리퍼,생활용품,59400
20260530,[245] 테디 아일랜드 EVA 슬리퍼,생활용품,49500
20260530,[255] 테디 아일랜드 EVA 슬리퍼,생활용품,39600
20260530,버블 마스크 [브라운] 1병 (95ml),뷰티,569400
20260531,모기기피제 ''물지마''(60ml),생활용품,269700
20260531,벌레 물린데/쏘인데 '긁지마'(60ml),생활용품,269700
20260531,비네이쳐스 아누카리치 탈모샴푸 480ml,생활용품,351900
20260531,[1병] 스프린트 자몽 이온음료500ml,음료,45000
20260531,[1박스] 스프린트 자몽 이온음료 24병,음료,648000
20260531,우리땅 양배추즙 30포*90ml,음료,180600
20260531,청룡 순대국밥 1팩 (200g),간편식품,550160
20260531,청룡 얼큰 순대국밥 1팩 (200g),간편식품,373750
20260531,이츠웰 냉동 애플망고 (1kg),과채,762090
20260531,단호박 약과 1박스 (50g*20개입),음료,227700
20260601,교동 추어탕 1팩 (450g),간편식품,999000
20260601,릴렉시즘 더바르게 교정브라 (스킨/S),생활용품,259700
20260601,귀빈정 생콩국수 1팩 (4인분),간편식품,783020
20260602,[트러플크림치킨] 피타브레드 4개입,간편식품,524700
20260602,[토마토바질] 피타브레드 4개입,간편식품,702900
20260602,[콘치즈에그] 피타브레드 4개입,간편식품,425700
20260602,깔끔이 눈썹정리칼 (5개입*2봉),생활용품,104400
20260602,마이코튼 세탁시트 (30매),생활용품,186200
20260602,마하차녹 망고 5kg(10~12과 내외),과채,957600
20260603,[1개] 시린메드 에프치약 125g,생활용품,40500
20260603,[6개] 시린메드 에프치약 125g,생활용품,430920
20260603,납작당면 국물닭발 1팩 (600g),간편식품,359550
20260603,국내산 매콤 오돌뼈 1팩(300g),간편식품,254490
20260603,냉동 소불고기 유부초밥 1팩 (360g),간편식품,185690
20260603,메가 비타민C 2000 (30포),건강식품,409180
20260603,국내산 팽이버섯 3봉*약 150g,과채,89000
20260603,염장 미역줄기 (약 250g),과채,94000
20260603,국내산 가지 2개,과채,78000
20260603,염장 다시마 (약 250g),과채,48000
20260603,국내산 부추 1단 (약 500g),과채,157000
20260604,시래기 뼈해장국 1팩 (900g),간편식품,977220
20260604,아침 샌드위치 식빵 1봉 (790g),간편식품,367770
20260604,다파니 땅콩버터 크리미 1개 (340g),간식/과자/떡,726570
20260604,다파니 땅콩버터 크런치 1개 (340g),간식/과자/떡,654810
20260604,영진약품 프로메디 생유산균 1곽,건강식품,507400
